season,stage,week,match_id,official_match_id,scheduled_at,team_a_id,team_b_id,team_a_franchise_slot_id,team_b_franchise_slot_id,team_a_score,team_b_score,winner_team_id,winner_side,best_of,status,observed_at,source_url
18,regular_season,1,S18-RS-1036,1036,2026-08-14 15:00:00+07:00,EVOS,RRQ,MPLID_SLOT_EVOS,MPLID_SLOT_RRQ,2,0,EVOS,team_a,3,completed,2026-09-07,https://id-mpl.com/id/schedule
18,regular_season,1,S18-RS-1037,1037,2026-08-14 18:00:00+07:00,NAVI,AE,MPLID_SLOT_AEROWOLF_REBELLION_NAVI,MPLID_SLOT_ALTER_EGO,0,2,AE,team_b,3,completed,2026-09-07,https://id-mpl.com/id/schedule
18,regular_season,1,S18-RS-1038,1038,2026-08-15 14:00:00+07:00,TLID,GEEK,MPLID_SLOT_AURA_LIQUID,MPLID_SLOT_GEEK,2,1,TLID,team_a,3,completed,2026-09-07,https://id-mpl.com/id/schedule
18,regular_season,1,S18-RS-1039,1039,2026-08-15 17:00:00+07:00,DEWA,RRQ,MPLID_SLOT_DEWA,MPLID_SLOT_RRQ,1,2,RRQ,team_b,3,completed,2026-09-07,https://id-mpl.com/id/schedule
18,regular_season,1,S18-RS-1040,1040,2026-08-15 20:00:00+07:00,EVOS,NAVI,MPLID_SLOT_EVOS,MPLID_SLOT_AEROWOLF_REBELLION_NAVI,1,2,NAVI,team_b,3,completed,2026-09-07,https://id-mpl.com/id/schedule
18,regular_season,1,S18-RS-1041,1041,2026-08-16 14:00:00+07:00,TLID,DEWA,MPLID_SLOT_AURA_LIQUID,MPLID_SLOT_DEWA,2,0,TLID,team_a,3,completed,2026-09-07,https://id-mpl.com/id/schedule
18,regular_season,1,S18-RS-1042,1042,2026-08-16 17:00:00+07:00,BTR,GEEK,MPLID_SLOT_BIGETRON,MPLID_SLOT_GEEK,2,1,BTR,team_a,3,completed,2026-09-07,https://id-mpl.com/id/schedule
18,regular_season,1,S18-RS-1043,1043,2026-08-16 20:00:00+07:00,AE,ONIC,MPLID_SLOT_ALTER_EGO,MPLID_SLOT_ONIC,0,2,ONIC,team_b,3,completed,2026-09-07,https://id-mpl.com/id/schedule
18,regular_season,2,S18-RS-1044,1044,2026-08-21 15:00:00+07:00,TLID,NAVI,MPLID_SLOT_AURA_LIQUID,MPLID_SLOT_AEROWOLF_REBELLION_NAVI,0,2,NAVI,team_b,3,completed,2026-09-07,https://id-mpl.com/id/schedule
18,regular_season,2,S18-RS-1045,1045,2026-08-21 18:00:00+07:00,BTR,DEWA,MPLID_SLOT_BIGETRON,MPLID_SLOT_DEWA,2,0,BTR,team_a,3,completed,2026-09-07,https://id-mpl.com/id/schedule
18,regular_season,2,S18-RS-1046,1046,2026-08-22 14:00:00+07:00,TLID,EVOS,MPLID_SLOT_AURA_LIQUID,MPLID_SLOT_EVOS,2,0,TLID,team_a,3,completed,2026-09-07,https://id-mpl.com/id/schedule
18,regular_season,2,S18-RS-1047,1047,2026-08-22 17:00:00+07:00,NAVI,GEEK,MPLID_SLOT_AEROWOLF_REBELLION_NAVI,MPLID_SLOT_GEEK,2,1,NAVI,team_a,3,completed,2026-09-07,https://id-mpl.com/id/schedule
18,regular_season,2,S18-RS-1048,1048,2026-08-22 20:00:00+07:00,ONIC,RRQ,MPLID_SLOT_ONIC,MPLID_SLOT_RRQ,2,0,ONIC,team_a,3,completed,2026-09-07,https://id-mpl.com/id/schedule
18,regular_season,2,S18-RS-1049,1049,2026-08-23 14:00:00+07:00,DEWA,AE,MPLID_SLOT_DEWA,MPLID_SLOT_ALTER_EGO,0,2,AE,team_b,3,completed,2026-09-07,https://id-mpl.com/id/schedule
18,regular_season,2,S18-RS-1050,1050,2026-08-23 17:00:00+07:00,ONIC,BTR,MPLID_SLOT_ONIC,MPLID_SLOT_BIGETRON,1,2,BTR,team_b,3,completed,2026-09-07,https://id-mpl.com/id/schedule
18,regular_season,2,S18-RS-1051,1051,2026-08-23 20:00:00+07:00,GEEK,EVOS,MPLID_SLOT_GEEK,MPLID_SLOT_EVOS,0,2,EVOS,team_b,3,completed,2026-09-07,https://id-mpl.com/id/schedule
18,regular_season,3,S18-RS-1052,1052,2026-08-28 15:00:00+07:00,BTR,NAVI,MPLID_SLOT_BIGETRON,MPLID_SLOT_AEROWOLF_REBELLION_NAVI,2,0,BTR,team_a,3,completed,2026-09-07,https://id-mpl.com/id/schedule
18,regular_season,3,S18-RS-1053,1053,2026-08-28 18:00:00+07:00,DEWA,GEEK,MPLID_SLOT_DEWA,MPLID_SLOT_GEEK,2,0,DEWA,team_a,3,completed,2026-09-07,https://id-mpl.com/id/schedule
18,regular_season,3,S18-RS-1054,1054,2026-08-29 14:00:00+07:00,TLID,ONIC,MPLID_SLOT_AURA_LIQUID,MPLID_SLOT_ONIC,2,1,TLID,team_a,3,completed,2026-09-07,https://id-mpl.com/id/schedule
18,regular_season,3,S18-RS-1055,1055,2026-08-29 17:00:00+07:00,AE,EVOS,MPLID_SLOT_ALTER_EGO,MPLID_SLOT_EVOS,2,0,AE,team_a,3,completed,2026-09-07,https://id-mpl.com/id/schedule
18,regular_season,3,S18-RS-1056,1056,2026-08-29 20:00:00+07:00,RRQ,BTR,MPLID_SLOT_RRQ,MPLID_SLOT_BIGETRON,1,2,BTR,team_b,3,completed,2026-09-07,https://id-mpl.com/id/schedule
18,regular_season,3,S18-RS-1057,1057,2026-08-30 14:00:00+07:00,NAVI,ONIC,MPLID_SLOT_AEROWOLF_REBELLION_NAVI,MPLID_SLOT_ONIC,2,0,NAVI,team_a,3,completed,2026-09-07,https://id-mpl.com/id/schedule
18,regular_season,3,S18-RS-1058,1058,2026-08-30 17:00:00+07:00,GEEK,RRQ,MPLID_SLOT_GEEK,MPLID_SLOT_RRQ,0,2,RRQ,team_b,3,completed,2026-09-07,https://id-mpl.com/id/schedule
18,regular_season,3,S18-RS-1059,1059,2026-08-30 20:00:00+07:00,TLID,AE,MPLID_SLOT_AURA_LIQUID,MPLID_SLOT_ALTER_EGO,2,1,TLID,team_a,3,completed,2026-09-07,https://id-mpl.com/id/schedule
18,regular_season,4,S18-RS-1060,1060,2026-09-04 15:00:00+07:00,NAVI,DEWA,MPLID_SLOT_AEROWOLF_REBELLION_NAVI,MPLID_SLOT_DEWA,2,0,NAVI,team_a,3,completed,2026-09-07,https://id-mpl.com/id/schedule
18,regular_season,4,S18-RS-1061,1061,2026-09-04 18:00:00+07:00,TLID,RRQ,MPLID_SLOT_AURA_LIQUID,MPLID_SLOT_RRQ,2,0,TLID,team_a,3,completed,2026-09-07,https://id-mpl.com/id/schedule
18,regular_season,4,S18-RS-1062,1062,2026-09-05 14:00:00+07:00,DEWA,ONIC,MPLID_SLOT_DEWA,MPLID_SLOT_ONIC,2,1,DEWA,team_a,3,completed,2026-09-07,https://id-mpl.com/id/schedule
18,regular_season,4,S18-RS-1063,1063,2026-09-05 17:00:00+07:00,EVOS,BTR,MPLID_SLOT_EVOS,MPLID_SLOT_BIGETRON,2,1,EVOS,team_a,3,completed,2026-09-07,https://id-mpl.com/id/schedule
18,regular_season,4,S18-RS-1064,1064,2026-09-05 20:00:00+07:00,AE,GEEK,MPLID_SLOT_ALTER_EGO,MPLID_SLOT_GEEK,2,0,AE,team_a,3,completed,2026-09-07,https://id-mpl.com/id/schedule
18,regular_season,4,S18-RS-1065,1065,2026-09-06 14:00:00+07:00,RRQ,NAVI,MPLID_SLOT_RRQ,MPLID_SLOT_AEROWOLF_REBELLION_NAVI,0,2,NAVI,team_b,3,completed,2026-09-07,https://id-mpl.com/id/schedule
18,regular_season,4,S18-RS-1066,1066,2026-09-06 17:00:00+07:00,ONIC,EVOS,MPLID_SLOT_ONIC,MPLID_SLOT_EVOS,2,0,ONIC,team_a,3,completed,2026-09-07,https://id-mpl.com/id/schedule
18,regular_season,4,S18-RS-1067,1067,2026-09-06 20:00:00+07:00,BTR,AE,MPLID_SLOT_BIGETRON,MPLID_SLOT_ALTER_EGO,0,2,AE,team_b,3,completed,2026-09-07,https://id-mpl.com/id/schedule
18,regular_season,5,S18-RS-1068,1068,2026-09-11 15:00:00+07:00,EVOS,DEWA,MPLID_SLOT_EVOS,MPLID_SLOT_DEWA,,,,,3,scheduled,2026-09-07,https://id-mpl.com/id/schedule
18,regular_season,5,S18-RS-1069,1069,2026-09-11 18:00:00+07:00,GEEK,ONIC,MPLID_SLOT_GEEK,MPLID_SLOT_ONIC,,,,,3,scheduled,2026-09-07,https://id-mpl.com/id/schedule
18,regular_season,5,S18-RS-1070,1070,2026-09-12 14:00:00+07:00,TLID,BTR,MPLID_SLOT_AURA_LIQUID,MPLID_SLOT_BIGETRON,,,,,3,scheduled,2026-09-07,https://id-mpl.com/id/schedule
18,regular_season,5,S18-RS-1071,1071,2026-09-12 17:00:00+07:00,AE,RRQ,MPLID_SLOT_ALTER_EGO,MPLID_SLOT_RRQ,,,,,3,scheduled,2026-09-07,https://id-mpl.com/id/schedule
18,regular_season,5,S18-RS-1072,1072,2026-09-12 20:00:00+07:00,NAVI,EVOS,MPLID_SLOT_AEROWOLF_REBELLION_NAVI,MPLID_SLOT_EVOS,,,,,3,scheduled,2026-09-07,https://id-mpl.com/id/schedule
18,regular_season,5,S18-RS-1073,1073,2026-09-13 14:00:00+07:00,GEEK,TLID,MPLID_SLOT_GEEK,MPLID_SLOT_AURA_LIQUID,,,,,3,scheduled,2026-09-07,https://id-mpl.com/id/schedule
18,regular_season,5,S18-RS-1074,1074,2026-09-13 17:00:00+07:00,ONIC,AE,MPLID_SLOT_ONIC,MPLID_SLOT_ALTER_EGO,,,,,3,scheduled,2026-09-07,https://id-mpl.com/id/schedule
18,regular_season,5,S18-RS-1075,1075,2026-09-13 20:00:00+07:00,RRQ,DEWA,MPLID_SLOT_RRQ,MPLID_SLOT_DEWA,,,,,3,scheduled,2026-09-07,https://id-mpl.com/id/schedule
18,regular_season,6,S18-RS-1076,1076,2026-09-18 15:00:00+07:00,ONIC,GEEK,MPLID_SLOT_ONIC,MPLID_SLOT_GEEK,,,,,3,scheduled,2026-09-07,https://id-mpl.com/id/schedule
18,regular_season,6,S18-RS-1077,1077,2026-09-18 18:00:00+07:00,DEWA,EVOS,MPLID_SLOT_DEWA,MPLID_SLOT_EVOS,,,,,3,scheduled,2026-09-07,https://id-mpl.com/id/schedule
18,regular_season,6,S18-RS-1078,1078,2026-09-19 14:00:00+07:00,GEEK,NAVI,MPLID_SLOT_GEEK,MPLID_SLOT_AEROWOLF_REBELLION_NAVI,,,,,3,scheduled,2026-09-07,https://id-mpl.com/id/schedule
18,regular_season,6,S18-RS-1079,1079,2026-09-19 17:00:00+07:00,RRQ,AE,MPLID_SLOT_RRQ,MPLID_SLOT_ALTER_EGO,,,,,3,scheduled,2026-09-07,https://id-mpl.com/id/schedule
18,regular_season,6,S18-RS-1080,1080,2026-09-19 20:00:00+07:00,BTR,TLID,MPLID_SLOT_BIGETRON,MPLID_SLOT_AURA_LIQUID,,,,,3,scheduled,2026-09-07,https://id-mpl.com/id/schedule
18,regular_season,6,S18-RS-1081,1081,2026-09-20 14:00:00+07:00,AE,DEWA,MPLID_SLOT_ALTER_EGO,MPLID_SLOT_DEWA,,,,,3,scheduled,2026-09-07,https://id-mpl.com/id/schedule
18,regular_season,6,S18-RS-1082,1082,2026-09-20 17:00:00+07:00,BTR,ONIC,MPLID_SLOT_BIGETRON,MPLID_SLOT_ONIC,,,,,3,scheduled,2026-09-07,https://id-mpl.com/id/schedule
18,regular_season,6,S18-RS-1083,1083,2026-09-20 20:00:00+07:00,EVOS,TLID,MPLID_SLOT_EVOS,MPLID_SLOT_AURA_LIQUID,,,,,3,scheduled,2026-09-07,https://id-mpl.com/id/schedule
18,regular_season,7,S18-RS-1084,1084,2026-10-02 15:00:00+07:00,GEEK,BTR,MPLID_SLOT_GEEK,MPLID_SLOT_BIGETRON,,,,,3,scheduled,2026-09-07,https://id-mpl.com/id/schedule
18,regular_season,7,S18-RS-1085,1085,2026-10-02 18:00:00+07:00,DEWA,TLID,MPLID_SLOT_DEWA,MPLID_SLOT_AURA_LIQUID,,,,,3,scheduled,2026-09-07,https://id-mpl.com/id/schedule
18,regular_season,7,S18-RS-1086,1086,2026-10-03 14:00:00+07:00,AE,NAVI,MPLID_SLOT_ALTER_EGO,MPLID_SLOT_AEROWOLF_REBELLION_NAVI,,,,,3,scheduled,2026-09-07,https://id-mpl.com/id/schedule
18,regular_season,7,S18-RS-1087,1087,2026-10-03 17:00:00+07:00,BTR,RRQ,MPLID_SLOT_BIGETRON,MPLID_SLOT_RRQ,,,,,3,scheduled,2026-09-07,https://id-mpl.com/id/schedule
18,regular_season,7,S18-RS-1088,1088,2026-10-03 20:00:00+07:00,GEEK,DEWA,MPLID_SLOT_GEEK,MPLID_SLOT_DEWA,,,,,3,scheduled,2026-09-07,https://id-mpl.com/id/schedule
18,regular_season,7,S18-RS-1089,1089,2026-10-04 14:00:00+07:00,AE,TLID,MPLID_SLOT_ALTER_EGO,MPLID_SLOT_AURA_LIQUID,,,,,3,scheduled,2026-09-07,https://id-mpl.com/id/schedule
18,regular_season,7,S18-RS-1090,1090,2026-10-04 17:00:00+07:00,RRQ,EVOS,MPLID_SLOT_RRQ,MPLID_SLOT_EVOS,,,,,3,scheduled,2026-09-07,https://id-mpl.com/id/schedule
18,regular_season,7,S18-RS-1091,1091,2026-10-04 20:00:00+07:00,ONIC,NAVI,MPLID_SLOT_ONIC,MPLID_SLOT_AEROWOLF_REBELLION_NAVI,,,,,3,scheduled,2026-09-07,https://id-mpl.com/id/schedule
18,regular_season,8,S18-RS-1092,1092,2026-10-08 15:00:00+07:00,AE,BTR,MPLID_SLOT_ALTER_EGO,MPLID_SLOT_BIGETRON,,,,,3,scheduled,2026-09-07,https://id-mpl.com/id/schedule
18,regular_season,8,S18-RS-1093,1093,2026-10-08 18:00:00+07:00,NAVI,TLID,MPLID_SLOT_AEROWOLF_REBELLION_NAVI,MPLID_SLOT_AURA_LIQUID,,,,,3,scheduled,2026-09-07,https://id-mpl.com/id/schedule
18,regular_season,8,S18-RS-1094,1094,2026-10-09 14:00:00+07:00,EVOS,ONIC,MPLID_SLOT_EVOS,MPLID_SLOT_ONIC,,,,,3,scheduled,2026-09-07,https://id-mpl.com/id/schedule
18,regular_season,8,S18-RS-1095,1095,2026-10-09 17:00:00+07:00,RRQ,TLID,MPLID_SLOT_RRQ,MPLID_SLOT_AURA_LIQUID,,,,,3,scheduled,2026-09-07,https://id-mpl.com/id/schedule
18,regular_season,8,S18-RS-1096,1096,2026-10-09 20:00:00+07:00,DEWA,NAVI,MPLID_SLOT_DEWA,MPLID_SLOT_AEROWOLF_REBELLION_NAVI,,,,,3,scheduled,2026-09-07,https://id-mpl.com/id/schedule
18,regular_season,8,S18-RS-1097,1097,2026-10-11 14:00:00+07:00,EVOS,GEEK,MPLID_SLOT_EVOS,MPLID_SLOT_GEEK,,,,,3,scheduled,2026-09-07,https://id-mpl.com/id/schedule
18,regular_season,8,S18-RS-1098,1098,2026-10-11 17:00:00+07:00,RRQ,ONIC,MPLID_SLOT_RRQ,MPLID_SLOT_ONIC,,,,,3,scheduled,2026-09-07,https://id-mpl.com/id/schedule
18,regular_season,8,S18-RS-1099,1099,2026-10-11 20:00:00+07:00,DEWA,BTR,MPLID_SLOT_DEWA,MPLID_SLOT_BIGETRON,,,,,3,scheduled,2026-09-07,https://id-mpl.com/id/schedule
18,regular_season,9,S18-RS-1100,1100,2026-10-16 15:00:00+07:00,NAVI,RRQ,MPLID_SLOT_AEROWOLF_REBELLION_NAVI,MPLID_SLOT_RRQ,,,,,3,scheduled,2026-09-07,https://id-mpl.com/id/schedule
18,regular_season,9,S18-RS-1101,1101,2026-10-16 18:00:00+07:00,GEEK,AE,MPLID_SLOT_GEEK,MPLID_SLOT_ALTER_EGO,,,,,3,scheduled,2026-09-07,https://id-mpl.com/id/schedule
18,regular_season,9,S18-RS-1102,1102,2026-10-17 14:00:00+07:00,ONIC,DEWA,MPLID_SLOT_ONIC,MPLID_SLOT_DEWA,,,,,3,scheduled,2026-09-07,https://id-mpl.com/id/schedule
18,regular_season,9,S18-RS-1103,1103,2026-10-17 17:00:00+07:00,BTR,EVOS,MPLID_SLOT_BIGETRON,MPLID_SLOT_EVOS,,,,,3,scheduled,2026-09-07,https://id-mpl.com/id/schedule
18,regular_season,9,S18-RS-1104,1104,2026-10-17 20:00:00+07:00,RRQ,GEEK,MPLID_SLOT_RRQ,MPLID_SLOT_GEEK,,,,,3,scheduled,2026-09-07,https://id-mpl.com/id/schedule
18,regular_season,9,S18-RS-1105,1105,2026-10-18 14:00:00+07:00,EVOS,AE,MPLID_SLOT_EVOS,MPLID_SLOT_ALTER_EGO,,,,,3,scheduled,2026-09-07,https://id-mpl.com/id/schedule
18,regular_season,9,S18-RS-1106,1106,2026-10-18 17:00:00+07:00,NAVI,BTR,MPLID_SLOT_AEROWOLF_REBELLION_NAVI,MPLID_SLOT_BIGETRON,,,,,3,scheduled,2026-09-07,https://id-mpl.com/id/schedule
18,regular_season,9,S18-RS-1107,1107,2026-10-18 20:00:00+07:00,ONIC,TLID,MPLID_SLOT_ONIC,MPLID_SLOT_AURA_LIQUID,,,,,3,scheduled,2026-09-07,https://id-mpl.com/id/schedule
